{
  "__comment": "Instructions: https://mods.blakebr0.com/docs/cucumber/tags-config",
  "forge:ingots/tungsten": "null",
  "forge:ingots/copper": "tmechworks:copper_ingot",
  "forge:ingots/lumium": "emendatusenigmatica:lumium_ingot",
  "forge:silicon": "refinedstorage:silicon",
  "forge:gems/apatite": "emendatusenigmatica:apatite_gem",
  "forge:dusts/saltpeter": "emendatusenigmatica:potassium_nitrate_dust",
  "forge:ingots/steel": "emendatusenigmatica:steel_ingot",
  "forge:ingots/lead": "emendatusenigmatica:lead_ingot",
  "forge:ingots/mithril": "null",
  "forge:ingots/iridium": "emendatusenigmatica:iridium_ingot",
  "forge:ingots/zinc": "emendatusenigmatica:zinc_ingot",
  "forge:ingots/invar": "emendatusenigmatica:invar_ingot",
  "forge:gems/ruby": "emendatusenigmatica:ruby_gem",
  "forge:dusts/niter": "emendatusenigmatica:potassium_nitrate_dust",
  "forge:ingots/chrome": "null",
  "forge:ingots/enderium": "emendatusenigmatica:enderium_ingot",
  "forge:dusts/sulfur": "emendatusenigmatica:sulfur_dust",
  "forge:ingots/nickel": "emendatusenigmatica:nickel_ingot",
  "forge:ingots/constantan": "emendatusenigmatica:constantan_ingot",
  "forge:ingots/tin": "emendatusenigmatica:tin_ingot",
  "forge:gems/sapphire": "emendatusenigmatica:sapphire_gem",
  "forge:ingots/bronze": "emendatusenigmatica:bronze_ingot",
  "forge:ingots/electrum": "emendatusenigmatica:electrum_ingot",
  "forge:ingots/silver": "emendatusenigmatica:silver_ingot",
  "forge:ingots/platinum": "exnihilosequentia:ingot_platinum",
  "forge:ingots/graphite": "bigreactors:graphite_ingot",
  "forge:ingots/uranium": "emendatusenigmatica:uranium_ingot",
  "forge:ingots/aluminum": "tmechworks:aluminum_ingot",
  "forge:ingots/signalum": "emendatusenigmatica:signalum_ingot",
  "forge:ingots/brass": "emendatusenigmatica:brass_ingot",
  "forge:ingots/titanium": "null",
  "forge:rubber": "null"
}